State,State Code,US-Mexico Border State Area,US-Mexico Border State Area Code,County,County Code,Deaths,Population,Crude Rate,Crude Rate Lower 95% Confidence Interval,Crude Rate Upper 95% Confidence Interval,Crude Rate Standard Error,comments
Arizona,4,Arizona Border Area,UMB03,"Cochise County, AZ",4003,932,756495,123.2,115.3,131.1,4,
Arizona,4,Arizona Border Area,UMB03,"Pima County, AZ",4019,6641,6320316,105.1,102.5,107.6,1.3,
Arizona,4,Arizona Border Area,UMB03,"Santa Cruz County, AZ",4023,203,285617,71.1,61.3,80.9,5,
Arizona,4,Arizona Border Area,UMB03,"Yuma County, AZ",4027,1692,1271792,133,126.7,139.4,3.2,
Arizona,4,Arizona Non-Border Area,UMB04,"Apache County, AZ",4001,781,411671,189.7,176.4,203,6.8,
Arizona,4,Arizona Non-Border Area,UMB04,"Coconino County, AZ",4005,723,862395,83.8,77.7,89.9,3.1,
Arizona,4,Arizona Non-Border Area,UMB04,"Gila County, AZ",4007,549,323724,169.6,155.4,183.8,7.2,
Arizona,4,Arizona Non-Border Area,UMB04,"Graham County, AZ",4009,341,233474,146.1,130.6,161.6,7.9,
Arizona,4,Arizona Non-Border Area,UMB04,"Greenlee County, AZ",4011,68,56397,120.6,93.6,152.9,14.6,
Arizona,4,Arizona Non-Border Area,UMB04,"La Paz County, AZ",4012,324,113310,285.9,254.8,317.1,15.9,
Arizona,4,Arizona Non-Border Area,UMB04,"Maricopa County, AZ",4013,23341,27109302,86.1,85,87.2,0.6,
Arizona,4,Arizona Non-Border Area,UMB04,"Mohave County, AZ",4015,1738,1301127,133.6,127.3,139.9,3.2,
Arizona,4,Arizona Non-Border Area,UMB04,"Navajo County, AZ",4017,1084,659453,164.4,154.6,174.2,5,
Arizona,4,Arizona Non-Border Area,UMB04,"Pinal County, AZ",4021,2593,2788705,93,89.4,96.6,1.8,
Arizona,4,Arizona Non-Border Area,UMB04,"Yavapai County, AZ",4025,1920,1444843,132.9,126.9,138.8,3,
California,6,California Border Area,UMB05,"Imperial County, CA",6025,1372,1080930,126.9,120.2,133.6,3.4,
California,6,California Border Area,UMB05,"San Diego County, CA",6073,19011,19846371,95.8,94.4,97.2,0.7,
California,6,California Non-Border Area,UMB06,"Alameda County, CA",6001,7527,9900146,76,74.3,77.7,0.9,
California,6,California Non-Border Area,UMB06,"Alpine County, CA",6003,14,6915,,110.7,339.7,54.1,Unreliable
California,6,California Non-Border Area,UMB06,"Amador County, CA",6005,237,243700,97.3,84.9,109.6,6.3,
California,6,California Non-Border Area,UMB06,"Butte County, CA",6007,1746,1285970,135.8,129.4,142.1,3.2,
California,6,California Non-Border Area,UMB06,"Calaveras County, CA",6009,345,277164,124.5,111.3,137.6,6.7,
California,6,California Non-Border Area,UMB06,"Colusa County, CA",6011,139,130600,106.4,88.7,124.1,9,
California,6,California Non-Border Area,UMB06,"Contra Costa County, CA",6013,5591,6929478,80.7,78.6,82.8,1.1,
California,6,California Non-Border Area,UMB06,"Del Norte County, CA",6015,288,165379,174.1,154,194.3,10.3,
California,6,California Non-Border Area,UMB06,"El Dorado County, CA",6017,996,1154528,86.3,80.9,91.6,2.7,
California,6,California Non-Border Area,UMB06,"Fresno County, CA",6019,7280,6040352,120.5,117.8,123.3,1.4,
California,6,California Non-Border Area,UMB06,"Glenn County, CA",6021,247,169996,145.3,127.2,163.4,9.2,
California,6,California Non-Border Area,UMB06,"Humboldt County, CA",6023,1269,812213,156.2,147.6,164.8,4.4,
California,6,California Non-Border Area,UMB06,"Inyo County, CA",6027,148,110287,134.2,112.6,155.8,11,
California,6,California Non-Border Area,UMB06,"Kern County, CA",6029,6370,5445929,117,114.1,119.8,1.5,
California,6,California Non-Border Area,UMB06,"Kings County, CA",6031,772,916104,84.3,78.3,90.2,3,
California,6,California Non-Border Area,UMB06,"Lake County, CA",6033,654,398082,164.3,151.7,176.9,6.4,
California,6,California Non-Border Area,UMB06,"Lassen County, CA",6035,179,183315,97.6,83.3,112,7.3,
California,6,California Non-Border Area,UMB06,"Los Angeles County, CA",6037,61133,59301698,103.1,102.3,103.9,0.4,
California,6,California Non-Border Area,UMB06,"Madera County, CA",6039,1213,955284,127,119.8,134.1,3.6,
California,6,California Non-Border Area,UMB06,"Marin County, CA",6041,1032,1546455,66.7,62.7,70.8,2.1,
California,6,California Non-Border Area,UMB06,"Mariposa County, CA",6043,151,102920,146.7,123.3,170.1,11.9,
California,6,California Non-Border Area,UMB06,"Mendocino County, CA",6045,624,530612,117.6,108.4,126.8,4.7,
California,6,California Non-Border Area,UMB06,"Merced County, CA",6047,2354,1700092,138.5,132.9,144.1,2.9,
California,6,California Non-Border Area,UMB06,"Modoc County, CA",6049,90,52053,172.9,139,212.5,18.2,
California,6,California Non-Border Area,UMB06,"Mono County, CA",6051,26,82519,31.5,20.6,46.2,6.2,
California,6,California Non-Border Area,UMB06,"Monterey County, CA",6053,1988,2601467,76.4,73.1,79.8,1.7,
California,6,California Non-Border Area,UMB06,"Napa County, CA",6055,1046,816849,128.1,120.3,135.8,4,
California,6,California Non-Border Area,UMB06,"Nevada County, CA",6057,498,606874,82.1,74.9,89.3,3.7,
California,6,California Non-Border Area,UMB06,"Orange County, CA",6059,13420,18983265,70.7,69.5,71.9,0.6,
California,6,California Non-Border Area,UMB06,"Placer County, CA",6061,2667,2448061,108.9,104.8,113.1,2.1,
California,6,California Non-Border Area,UMB06,"Plumas County, CA",6063,152,114975,132.2,111.2,153.2,10.7,
California,6,California Non-Border Area,UMB06,"Riverside County, CA",6065,16724,14835231,112.7,111,114.4,0.9,
California,6,California Non-Border Area,UMB06,"Sacramento County, CA",6067,11251,9409557,119.6,117.4,121.8,1.1,
California,6,California Non-Border Area,UMB06,"San Benito County, CA",6069,392,390831,100.3,90.4,110.2,5.1,
California,6,California Non-Border Area,UMB06,"San Bernardino County, CA",6071,16276,13124848,124,122.1,125.9,1,
California,6,California Non-Border Area,UMB06,"San Francisco County, CA",6075,3690,5064086,72.9,70.5,75.2,1.2,
California,6,California Non-Border Area,UMB06,"San Joaquin County, CA",6077,5464,4666379,117.1,114,120.2,1.6,
California,6,California Non-Border Area,UMB06,"San Luis Obispo County, CA",6079,1258,1696181,74.2,70.1,78.3,2.1,
California,6,California Non-Border Area,UMB06,"San Mateo County, CA",6081,2956,4487848,65.9,63.5,68.2,1.2,
California,6,California Non-Border Area,UMB06,"Santa Barbara County, CA",6083,2237,2669361,83.8,80.3,87.3,1.8,
California,6,California Non-Border Area,UMB06,"Santa Clara County, CA",6085,9915,11406572,86.9,85.2,88.6,0.9,
California,6,California Non-Border Area,UMB06,"Santa Cruz County, CA",6087,1434,1611102,89,84.4,93.6,2.4,
California,6,California Non-Border Area,UMB06,"Shasta County, CA",6089,1571,1082582,145.1,137.9,152.3,3.7,
California,6,California Non-Border Area,UMB06,"Sierra County, CA",6091,37,18612,198.8,140,274,32.7,
California,6,California Non-Border Area,UMB06,"Siskiyou County, CA",6093,353,261191,135.2,121.1,149.2,7.2,
California,6,California Non-Border Area,UMB06,"Solano County, CA",6095,3576,2690869,132.9,128.5,137.2,2.2,
California,6,California Non-Border Area,UMB06,"Sonoma County, CA",6097,2921,2934446,99.5,95.9,103.2,1.8,
California,6,California Non-Border Area,UMB06,"Stanislaus County, CA",6099,5184,3306260,156.8,152.5,161.1,2.2,
California,6,California Non-Border Area,UMB06,"Sutter County, CA",6101,637,585677,108.8,100.3,117.2,4.3,
California,6,California Non-Border Area,UMB06,"Tehama County, CA",6103,553,389133,142.1,130.3,154,6,
California,6,California Non-Border Area,UMB06,"Trinity County, CA",6105,88,84547,104.1,83.5,128.2,11.1,
California,6,California Non-Border Area,UMB06,"Tulare County, CA",6107,2654,2834802,93.6,90.1,97.2,1.8,
California,6,California Non-Border Area,UMB06,"Tuolumne County, CA",6109,430,328077,131.1,118.7,143.5,6.3,
California,6,California Non-Border Area,UMB06,"Ventura County, CA",6111,5903,5040339,117.1,114.1,120.1,1.5,
California,6,California Non-Border Area,UMB06,"Yolo County, CA",6113,1310,1320281,99.2,93.8,104.6,2.7,
California,6,California Non-Border Area,UMB06,"Yuba County, CA",6115,526,490322,107.3,98.1,116.4,4.7,
New Mexico,35,New Mexico Border Area,UMB07,"Dona Ana County, NM",35013,1413,1327034,106.5,100.9,112,2.8,
New Mexico,35,New Mexico Border Area,UMB07,"Grant County, NM",35017,285,164398,173.4,153.2,193.5,10.3,
New Mexico,35,New Mexico Border Area,UMB07,"Hidalgo County, NM",35023,39,24586,158.6,112.8,216.8,25.4,
New Mexico,35,New Mexico Border Area,UMB07,"Luna County, NM",35029,194,148174,130.9,112.5,149.4,9.4,
New Mexico,35,New Mexico Border Area,UMB07,"Otero County, NM",35035,499,408433,122.2,111.5,132.9,5.5,
New Mexico,35,New Mexico Border Area,UMB07,"Sierra County, NM",35051,122,67052,181.9,149.7,214.2,16.5,
New Mexico,35,New Mexico Non-Border Area,UMB08,"Bernalillo County, NM",35001,4297,4057975,105.9,102.7,109.1,1.6,
New Mexico,35,New Mexico Non-Border Area,UMB08,"Catron County, NM",35003,37,22111,167.3,117.8,230.7,27.5,
New Mexico,35,New Mexico Non-Border Area,UMB08,"Chaves County, NM",35005,553,386099,143.2,131.3,155.2,6.1,
New Mexico,35,New Mexico Non-Border Area,UMB08,"Cibola County, NM",35006,312,160689,194.2,172.6,215.7,11,
New Mexico,35,New Mexico Non-Border Area,UMB08,"Colfax County, NM",35007,105,72848,144.1,116.6,171.7,14.1,
New Mexico,35,New Mexico Non-Border Area,UMB08,"Curry County, NM",35009,326,289937,112.4,100.2,124.6,6.2,
New Mexico,35,New Mexico Non-Border Area,UMB08,"DeBaca County, NM",35011,16,10232,,89.4,253.9,39.1,Unreliable
New Mexico,35,New Mexico Non-Border Area,UMB08,"Eddy County, NM",35015,521,356364,146.2,133.6,158.8,6.4,
New Mexico,35,New Mexico Non-Border Area,UMB08,"Guadalupe County, NM",35019,45,25967,173.3,126.4,231.9,25.8,
New Mexico,35,New Mexico Non-Border Area,UMB08,"Harding County, NM",35021,,3809,,,,,Suppressed
New Mexico,35,New Mexico Non-Border Area,UMB08,"Lea County, NM",35025,441,430068,102.5,93,112.1,4.9,
New Mexico,35,New Mexico Non-Border Area,UMB08,"Lincoln County, NM",35027,119,119943,99.2,81.4,117,9.1,
New Mexico,35,New Mexico Non-Border Area,UMB08,"Los Alamos County, NM",35028,49,115893,42.3,31.3,55.9,6,
New Mexico,35,New Mexico Non-Border Area,UMB08,"McKinley County, NM",35031,762,424888,179.3,166.6,192.1,6.5,
New Mexico,35,New Mexico Non-Border Area,UMB08,"Mora County, NM",35033,46,25993,177,129.6,236.1,26.1,
New Mexico,35,New Mexico Non-Border Area,UMB08,"Quay County, NM",35037,100,50415,198.4,159.5,237.2,19.8,
New Mexico,35,New Mexico Non-Border Area,UMB08,"Rio Arriba County, NM",35039,337,236551,142.5,127.3,157.7,7.8,
New Mexico,35,New Mexico Non-Border Area,UMB08,"Roosevelt County, NM",35041,102,112333,90.8,73.2,108.4,9,
New Mexico,35,New Mexico Non-Border Area,UMB08,"Sandoval County, NM",35043,961,901637,106.6,99.8,113.3,3.4,
New Mexico,35,New Mexico Non-Border Area,UMB08,"San Juan County, NM",35045,994,734399,135.3,126.9,143.8,4.3,
New Mexico,35,New Mexico Non-Border Area,UMB08,"San Miguel County, NM",35047,231,162783,141.9,123.6,160.2,9.3,
New Mexico,35,New Mexico Non-Border Area,UMB08,"Santa Fe County, NM",35049,778,919181,84.6,78.7,90.6,3,
New Mexico,35,New Mexico Non-Border Area,UMB08,"Socorro County, NM",35053,173,98302,176,149.8,202.2,13.4,
New Mexico,35,New Mexico Non-Border Area,UMB08,"Taos County, NM",35055,243,201759,120.4,105.3,135.6,7.7,
New Mexico,35,New Mexico Non-Border Area,UMB08,"Torrance County, NM",35057,142,92932,152.8,127.7,177.9,12.8,
New Mexico,35,New Mexico Non-Border Area,UMB08,"Union County, NM",35059,21,24254,86.6,53.6,132.4,18.9,
New Mexico,35,New Mexico Non-Border Area,UMB08,"Valencia County, NM",35061,542,465129,116.5,106.7,126.3,5,
Texas,48,Texas Border Area,UMB09,"Brewster County, TX",48043,48,56013,85.7,63.2,113.6,12.4,
Texas,48,Texas Border Area,UMB09,"Brooks County, TX",48047,75,41919,178.9,140.7,224.3,20.7,
Texas,48,Texas Border Area,UMB09,"Cameron County, TX",48061,3618,2546198,142.1,137.5,146.7,2.4,
Texas,48,Texas Border Area,UMB09,"Crockett County, TX",48105,44,19345,227.4,165.3,305.3,34.3,
Texas,48,Texas Border Area,UMB09,"Culberson County, TX",48109,28,13068,214.3,142.4,309.7,40.5,
Texas,48,Texas Border Area,UMB09,"Dimmit County, TX",48127,83,55474,149.6,119.2,185.5,16.4,
Texas,48,Texas Border Area,UMB09,"Duval County, TX",48131,119,62675,189.9,155.8,224,17.4,
Texas,48,Texas Border Area,UMB09,"Edwards County, TX",48137,29,10036,289,193.5,415,53.7,
Texas,48,Texas Border Area,UMB09,"El Paso County, TX",48141,6792,5127872,132.5,129.3,135.6,1.6,
Texas,48,Texas Border Area,UMB09,"Frio County, TX",48163,204,114739,177.8,153.4,202.2,12.4,
Texas,48,Texas Border Area,UMB09,"Hidalgo County, TX",48215,4648,5277040,88.1,85.5,90.6,1.3,
Texas,48,Texas Border Area,UMB09,"Hudspeth County, TX",48229,29,24757,117.1,78.5,168.2,21.8,
Texas,48,Texas Border Area,UMB09,"Jeff Davis County, TX",48243,14,12454,,61.5,188.6,30,Unreliable
Texas,48,Texas Border Area,UMB09,"Jim Hogg County, TX",48247,44,29916,147.1,106.9,197.4,22.2,
Texas,48,Texas Border Area,UMB09,"Kinney County, TX",48271,31,20510,151.1,102.7,214.5,27.1,
Texas,48,Texas Border Area,UMB09,"La Salle County, TX",48283,51,42362,120.4,89.6,158.3,16.9,
Texas,48,Texas Border Area,UMB09,"Maverick County, TX",48323,578,349246,165.5,152,179,6.9,
Texas,48,Texas Border Area,UMB09,"Pecos County, TX",48371,98,91690,106.9,86.8,130.3,10.8,
Texas,48,Texas Border Area,UMB09,"Presidio County, TX",48377,57,38034,149.9,113.5,194.2,19.9,
Texas,48,Texas Border Area,UMB09,"Real County, TX",48385,44,18861,233.3,169.5,313.2,35.2,
Texas,48,Texas Border Area,UMB09,"Reeves County, TX",48389,141,86782,162.5,135.7,189.3,13.7,
Texas,48,Texas Border Area,UMB09,"Starr County, TX",48427,436,391135,111.5,101,121.9,5.3,
Texas,48,Texas Border Area,UMB09,"Sutton County, TX",48435,48,21029,228.3,168.3,302.6,32.9,
Texas,48,Texas Border Area,UMB09,"Terrell County, TX",48443,,4405,,,,,Suppressed
Texas,48,Texas Border Area,UMB09,"Uvalde County, TX",48463,348,154958,224.6,201,248.2,12,
Texas,48,Texas Border Area,UMB09,"Val Verde County, TX",48465,452,290151,155.8,141.4,170.1,7.3,
Texas,48,Texas Border Area,UMB09,"Webb County, TX",48479,2231,1635116,136.4,130.8,142.1,2.9,
Texas,48,Texas Border Area,UMB09,"Willacy County, TX",48489,243,124530,195.1,170.6,219.7,12.5,
Texas,48,Texas Border Area,UMB09,"Zapata County, TX",48505,102,84034,121.4,97.8,144.9,12,
Texas,48,Texas Border Area,UMB09,"Zavala County, TX",48507,160,63886,250.4,211.6,289.3,19.8,
Texas,48,Texas Non-Border Area,UMB10,"Anderson County, TX",48001,399,347799,114.7,103.5,126,5.7,
Texas,48,Texas Non-Border Area,UMB10,"Andrews County, TX",48003,154,111150,138.6,116.7,160.4,11.2,
Texas,48,Texas Non-Border Area,UMB10,"Angelina County, TX",48005,1009,521529,193.5,181.5,205.4,6.1,
Texas,48,Texas Non-Border Area,UMB10,"Aransas County, TX",48007,281,145944,192.5,170,215.1,11.5,
Texas,48,Texas Non-Border Area,UMB10,"Archer County, TX",48009,75,52614,142.5,112.1,178.7,16.5,
Texas,48,Texas Non-Border Area,UMB10,"Armstrong County, TX",48011,25,11169,223.8,144.9,330.4,44.8,
Texas,48,Texas Non-Border Area,UMB10,"Atascosa County, TX",48013,488,305774,159.6,145.4,173.8,7.2,
Texas,48,Texas Non-Border Area,UMB10,"Austin County, TX",48015,194,183147,105.9,91,120.8,7.6,
Texas,48,Texas Non-Border Area,UMB10,"Bailey County, TX",48017,48,41010,117,86.3,155.2,16.9,
Texas,48,Texas Non-Border Area,UMB10,"Bandera County, TX",48019,165,136114,121.2,102.7,139.7,9.4,
Texas,48,Texas Non-Border Area,UMB10,"Bastrop County, TX",48021,543,586324,92.6,84.8,100.4,4,
Texas,48,Texas Non-Border Area,UMB10,"Baylor County, TX",48023,73,21015,347.4,272.3,436.8,40.7,
Texas,48,Texas Non-Border Area,UMB10,"Bee County, TX",48025,209,189833,110.1,95.2,125,7.6,
Texas,48,Texas Non-Border Area,UMB10,"Bell County, TX",48027,2429,2249689,108,103.7,112.3,2.2,
Texas,48,Texas Non-Border Area,UMB10,"Bexar County, TX",48029,15697,12191871,128.7,126.7,130.8,1,
Texas,48,Texas Non-Border Area,UMB10,"Blanco County, TX",48031,89,73254,121.5,97.6,149.5,12.9,
Texas,48,Texas Non-Border Area,UMB10,"Borden County, TX",48033,,3782,,,,,Suppressed
Texas,48,Texas Non-Border Area,UMB10,"Bosque County, TX",48035,228,112175,203.3,176.9,229.6,13.5,
Texas,48,Texas Non-Border Area,UMB10,"Bowie County, TX",48037,931,557353,167,156.3,177.8,5.5,
Texas,48,Texas Non-Border Area,UMB10,"Brazoria County, TX",48039,1666,2291790,72.7,69.2,76.2,1.8,
Texas,48,Texas Non-Border Area,UMB10,"Brazos County, TX",48041,925,1412273,65.5,61.3,69.7,2.2,
Texas,48,Texas Non-Border Area,UMB10,"Briscoe County, TX",48045,,8828,Suppressed,,,,
Texas,48,Texas Non-Border Area,UMB10,"Brown County, TX",48049,472,228695,206.4,187.8,225,9.5,
Texas,48,Texas Non-Border Area,UMB10,"Burleson County, TX",48051,131,111529,117.5,97.3,137.6,10.3,
Texas,48,Texas Non-Border Area,UMB10,"Burnet County, TX",48053,404,302797,133.4,120.4,146.4,6.6,
Texas,48,Texas Non-Border Area,UMB10,"Caldwell County, TX",48055,345,275388,125.3,112.1,138.5,6.7,
Texas,48,Texas Non-Border Area,UMB10,"Calhoun County, TX",48057,174,122981,141.5,120.5,162.5,10.7,
Texas,48,Texas Non-Border Area,UMB10,"Callahan County, TX",48059,182,84746,214.8,183.6,246,15.9,
Texas,48,Texas Non-Border Area,UMB10,"Camp County, TX",48063,134,77519,172.9,143.6,202.1,14.9,
Texas,48,Texas Non-Border Area,UMB10,"Carson County, TX",48065,48,35193,136.4,100.6,180.8,19.7,
Texas,48,Texas Non-Border Area,UMB10,"Cass County, TX",48067,364,175782,207.1,185.8,228.3,10.9,
Texas,48,Texas Non-Border Area,UMB10,"Castro County, TX",48069,72,44490,161.8,126.6,203.8,19.1,
Texas,48,Texas Non-Border Area,UMB10,"Chambers County, TX",48071,215,285910,75.2,65.1,85.3,5.1,
Texas,48,Texas Non-Border Area,UMB10,"Cherokee County, TX",48073,526,313072,168,153.7,182.4,7.3,
Texas,48,Texas Non-Border Area,UMB10,"Childress County, TX",48075,58,42073,137.9,104.7,178.2,18.1,
Texas,48,Texas Non-Border Area,UMB10,"Clay County, TX",48077,124,62964,196.9,162.3,231.6,17.7,
Texas,48,Texas Non-Border Area,UMB10,"Cochran County, TX",48079,23,16137,142.5,90.4,213.9,29.7,
Texas,48,Texas Non-Border Area,UMB10,"Coke County, TX",48081,33,20086,164.3,113.1,230.7,28.6,
Texas,48,Texas Non-Border Area,UMB10,"Coleman County, TX",48083,108,48099,224.5,182.2,266.9,21.6,
Texas,48,Texas Non-Border Area,UMB10,"Collin County, TX",48085,3097,6575462,47.1,45.4,48.8,0.8,
Texas,48,Texas Non-Border Area,UMB10,"Collingsworth County, TX",48087,32,16505,193.9,132.6,273.7,34.3,
Texas,48,Texas Non-Border Area,UMB10,"Colorado County, TX",48089,190,126821,149.8,128.5,171.1,10.9,
Texas,48,Texas Non-Border Area,UMB10,"Comal County, TX",48091,725,1022950,70.9,65.7,76,2.6,
Texas,48,Texas Non-Border Area,UMB10,"Comanche County, TX",48093,103,82622,124.7,100.6,148.7,12.3,
Texas,48,Texas Non-Border Area,UMB10,"Concho County, TX",48095,22,19807,111.1,69.6,168.2,23.7,
Texas,48,Texas Non-Border Area,UMB10,"Cooke County, TX",48097,282,252300,111.8,98.7,124.8,6.7,
Texas,48,Texas Non-Border Area,UMB10,"Coryell County, TX",48099,602,481663,125,115,135,5.1,
Texas,48,Texas Non-Border Area,UMB10,"Cottle County, TX",48101,17,8132,,121.8,334.7,50.7,Unreliable
Texas,48,Texas Non-Border Area,UMB10,"Crane County, TX",48103,59,28156,209.5,159.5,270.3,27.3,
Texas,48,Texas Non-Border Area,UMB10,"Crosby County, TX",48107,67,32104,208.7,161.7,265,25.5,
Texas,48,Texas Non-Border Area,UMB10,"Dallam County, TX",48111,46,43410,106,77.6,141.3,15.6,
Texas,48,Texas Non-Border Area,UMB10,"Dallas County, TX",48113,14244,15702424,90.7,89.2,92.2,0.8,
Texas,48,Texas Non-Border Area,UMB10,"Dawson County, TX",48115,176,74868,235.1,200.3,269.8,17.7,
Texas,48,Texas Non-Border Area,UMB10,"Deaf Smith County, TX",48117,247,110636,223.3,195.4,251.1,14.2,
Texas,48,Texas Non-Border Area,UMB10,"Delta County, TX",48119,52,32347,160.8,120.1,210.8,22.3,
Texas,48,Texas Non-Border Area,UMB10,"Denton County, TX",48121,3037,5592226,54.3,52.4,56.2,1,
Texas,48,Texas Non-Border Area,UMB10,"DeWitt County, TX",48123,282,120140,234.7,207.3,262.1,14,
Texas,48,Texas Non-Border Area,UMB10,"Dickens County, TX",48125,19,11777,,97.1,251.9,37,Unreliable
Texas,48,Texas Non-Border Area,UMB10,"Donley County, TX",48129,32,19726,162.2,111,229,28.7,
Texas,48,Texas Non-Border Area,UMB10,"Eastland County, TX",48133,190,108915,174.4,149.6,199.3,12.7,
Texas,48,Texas Non-Border Area,UMB10,"Ector County, TX",48135,1679,982502,170.9,162.7,179.1,4.2,
Texas,48,Texas Non-Border Area,UMB10,"Ellis County, TX",48139,1082,1193711,90.6,85.2,96,2.8,
Texas,48,Texas Non-Border Area,UMB10,"Erath County, TX",48143,257,259836,98.9,86.8,111,6.2,
Texas,48,Texas Non-Border Area,UMB10,"Falls County, TX",48145,211,103555,203.8,176.3,231.2,14,
Texas,48,Texas Non-Border Area,UMB10,"Fannin County, TX",48147,284,217978,130.3,115.1,145.4,7.7,
Texas,48,Texas Non-Border Area,UMB10,"Fayette County, TX",48149,287,151316,189.7,167.7,211.6,11.2,
Texas,48,Texas Non-Border Area,UMB10,"Fisher County, TX",48151,55,22393,245.6,185,319.7,33.1,
Texas,48,Texas Non-Border Area,UMB10,"Floyd County, TX",48153,72,32896,218.9,171.3,275.6,25.8,
Texas,48,Texas Non-Border Area,UMB10,"Foard County, TX",48155,20,6706,298.2,182.2,460.6,66.7,
Texas,48,Texas Non-Border Area,UMB10,"Fort Bend County, TX",48157,2625,5103703,51.4,49.5,53.4,1,
Texas,48,Texas Non-Border Area,UMB10,"Franklin County, TX",48159,92,64129,143.5,115.6,175.9,15,
Texas,48,Texas Non-Border Area,UMB10,"Freestone County, TX",48161,226,119564,189,164.4,213.7,12.6,
Texas,48,Texas Non-Border Area,UMB10,"Gaines County, TX",48165,116,130988,88.6,72.4,104.7,8.2,
Texas,48,Texas Non-Border Area,UMB10,"Galveston County, TX",48167,1859,2099041,88.6,84.5,92.6,2.1,
Texas,48,Texas Non-Border Area,UMB10,"Garza County, TX",48169,43,35671,120.5,87.2,162.4,18.4,
Texas,48,Texas Non-Border Area,UMB10,"Gillespie County, TX",48171,379,163259,232.1,208.8,255.5,11.9,
Texas,48,Texas Non-Border Area,UMB10,"Glasscock County, TX",48173,,7690,,,,,Suppressed
Texas,48,Texas Non-Border Area,UMB10,"Goliad County, TX",48175,55,44306,124.1,93.5,161.6,16.7,
Texas,48,Texas Non-Border Area,UMB10,"Gonzales County, TX",48177,260,122014,213.1,187.2,239,13.2,
Texas,48,Texas Non-Border Area,UMB10,"Gray County, TX",48179,218,128400,169.8,147.2,192.3,11.5,
Texas,48,Texas Non-Border Area,UMB10,"Grayson County, TX",48181,1251,837895,149.3,141,157.6,4.2,
Texas,48,Texas Non-Border Area,UMB10,"Gregg County, TX",48183,954,747768,127.6,119.5,135.7,4.1,
Texas,48,Texas Non-Border Area,UMB10,"Grimes County, TX",48185,236,180279,130.9,114.2,147.6,8.5,
Texas,48,Texas Non-Border Area,UMB10,"Guadalupe County, TX",48187,1191,1049399,113.5,107,119.9,3.3,
Texas,48,Texas Non-Border Area,UMB10,"Hale County, TX",48189,249,195798,127.2,111.4,143,8.1,
Texas,48,Texas Non-Border Area,UMB10,"Hall County, TX",48191,42,17404,241.3,173.9,326.2,37.2,
Texas,48,Texas Non-Border Area,UMB10,"Hamilton County, TX",48193,67,50648,132.3,102.5,168,16.2,
Texas,48,Texas Non-Border Area,UMB10,"Hansford County, TX",48195,34,31522,107.9,74.7,150.7,18.5,
Texas,48,Texas Non-Border Area,UMB10,"Hardeman County, TX",48197,44,22424,196.2,142.6,263.4,29.6,
Texas,48,Texas Non-Border Area,UMB10,"Hardin County, TX",48199,409,346159,118.2,106.7,129.6,5.8,
Texas,48,Texas Non-Border Area,UMB10,"Harris County, TX",48201,20357,28494265,71.4,70.5,72.4,0.5,
Texas,48,Texas Non-Border Area,UMB10,"Harrison County, TX",48203,600,409665,146.5,134.7,158.2,6,
Texas,48,Texas Non-Border Area,UMB10,"Hartley County, TX",48205,33,32388,101.9,70.1,143.1,17.7,
Texas,48,Texas Non-Border Area,UMB10,"Haskell County, TX",48207,65,33424,194.5,150.1,247.9,24.1,
Texas,48,Texas Non-Border Area,UMB10,"Hays County, TX",48209,889,1499295,59.3,55.4,63.2,2,
Texas,48,Texas Non-Border Area,UMB10,"Hemphill County, TX",48211,24,21098,113.8,72.9,169.3,23.2,
Texas,48,Texas Non-Border Area,UMB10,"Henderson County, TX",48213,956,503164,190,178,202,6.1,
Texas,48,Texas Non-Border Area,UMB10,"Hill County, TX",48217,423,221910,190.6,172.5,208.8,9.3,
Texas,48,Texas Non-Border Area,UMB10,"Hockley County, TX",48219,216,132906,162.5,140.8,184.2,11.1,
Texas,48,Texas Non-Border Area,UMB10,"Hood County, TX",48221,789,384076,205.4,191.1,219.8,7.3,
Texas,48,Texas Non-Border Area,UMB10,"Hopkins County, TX",48223,287,224251,128,113.2,142.8,7.6,
Texas,48,Texas Non-Border Area,UMB10,"Houston County, TX",48225,212,135229,156.8,135.7,177.9,10.8,
Texas,48,Texas Non-Border Area,UMB10,"Howard County, TX",48227,409,208017,196.6,177.6,215.7,9.7,
Texas,48,Texas Non-Border Area,UMB10,"Hunt County, TX",48231,708,619917,114.2,105.8,122.6,4.3,
Texas,48,Texas Non-Border Area,UMB10,"Hutchinson County, TX",48233,180,123556,145.7,124.4,167,10.9,
Texas,48,Texas Non-Border Area,UMB10,"Irion County, TX",48235,10,9253,,51.8,198.8,34.2,Unreliable
Texas,48,Texas Non-Border Area,UMB10,"Jack County, TX",48237,104,53343,195,157.5,232.4,19.1,
Texas,48,Texas Non-Border Area,UMB10,"Jackson County, TX",48239,163,89972,181.2,153.4,209,14.2,
Texas,48,Texas Non-Border Area,UMB10,"Jasper County, TX",48241,365,204929,178.1,159.8,196.4,9.3,
Texas,48,Texas Non-Border Area,UMB10,"Jefferson County, TX",48245,1979,1512723,130.8,125.1,136.6,2.9,
Texas,48,Texas Non-Border Area,UMB10,"Jim Wells County, TX",48249,352,238091,147.8,132.4,163.3,7.9,
Texas,48,Texas Non-Border Area,UMB10,"Johnson County, TX",48251,1528,1112445,137.4,130.5,144.2,3.5,
Texas,48,Texas Non-Border Area,UMB10,"Jones County, TX",48253,209,119964,174.2,150.6,197.8,12.1,
Texas,48,Texas Non-Border Area,UMB10,"Karnes County, TX",48255,180,91421,196.9,168.1,225.7,14.7,
Texas,48,Texas Non-Border Area,UMB10,"Kaufman County, TX",48257,834,923798,90.3,84.2,96.4,3.1,
Texas,48,Texas Non-Border Area,UMB10,"Kendall County, TX",48259,313,287893,108.7,96.7,120.8,6.1,
Texas,48,Texas Non-Border Area,UMB10,"Kenedy County, TX",48261,,2266,,,,,Suppressed
Texas,48,Texas Non-Border Area,UMB10,"Kent County, TX",48263,11,4497,,122.1,437.7,73.8,Unreliable
Texas,48,Texas Non-Border Area,UMB10,"Kerr County, TX",48265,495,318691,155.3,141.6,169,7,
Texas,48,Texas Non-Border Area,UMB10,"King County, TX",48269,,1540,,,,,Suppressed
Texas,48,Texas Non-Border Area,UMB10,"Kimble County, TX",48267,42,26324,159.6,115,215.7,24.6,
Texas,48,Texas Non-Border Area,UMB10,"Kleberg County, TX",48273,301,183213,164.3,145.7,182.8,9.5,
Texas,48,Texas Non-Border Area,UMB10,"Knox County, TX",48275,79,20926,377.5,298.9,470.5,42.5,
Texas,48,Texas Non-Border Area,UMB10,"Lamar County, TX",48277,508,301201,168.7,154,183.3,7.5,
Texas,48,Texas Non-Border Area,UMB10,"Lamb County, TX",48279,171,77094,221.8,188.6,255.1,17,
Texas,48,Texas Non-Border Area,UMB10,"Lampasas County, TX",48281,284,132745,213.9,189.1,238.8,12.7,
Texas,48,Texas Non-Border Area,UMB10,"Lavaca County, TX",48285,202,122184,165.3,142.5,188.1,11.6,
Texas,48,Texas Non-Border Area,UMB10,"Lee County, TX",48287,133,105680,125.9,104.5,147.2,10.9,
Texas,48,Texas Non-Border Area,UMB10,"Leon County, TX",48289,176,100873,174.5,148.7,200.3,13.2,
Texas,48,Texas Non-Border Area,UMB10,"Liberty County, TX",48291,541,573974,94.3,86.3,102.2,4.1,
Texas,48,Texas Non-Border Area,UMB10,"Limestone County, TX",48293,328,136918,239.6,213.6,265.5,13.2,
Texas,48,Texas Non-Border Area,UMB10,"Lipscomb County, TX",48295,35,18390,190.3,132.6,264.7,32.2,
Texas,48,Texas Non-Border Area,UMB10,"Live Oak County, TX",48297,79,71086,111.1,88,138.5,12.5,
Texas,48,Texas Non-Border Area,UMB10,"Llano County, TX",48299,230,132792,173.2,150.8,195.6,11.4,
Texas,48,Texas Non-Border Area,UMB10,"Loving County, TX",48301,0,653,,,,,Suppressed
Texas,48,Texas Non-Border Area,UMB10,"Lubbock County, TX",48303,2238,1885705,118.7,113.8,123.6,2.5,
Texas,48,Texas Non-Border Area,UMB10,"Lynn County, TX",48305,47,35026,134.2,98.6,178.4,19.6,
Texas,48,Texas Non-Border Area,UMB10,"McCulloch County, TX",48307,106,46276,229.1,185.5,272.7,22.2,
Texas,48,Texas Non-Border Area,UMB10,"McLennan County, TX",48309,2802,1569494,178.5,171.9,185.1,3.4,
Texas,48,Texas Non-Border Area,UMB10,"McMullen County, TX",48311,,3965,,,,,Suppressed
Texas,48,Texas Non-Border Area,UMB10,"Madison County, TX",48313,119,84254,141.2,115.9,166.6,12.9,
Texas,48,Texas Non-Border Area,UMB10,"Marion County, TX",48315,132,58518,225.6,187.1,264.1,19.6,
Texas,48,Texas Non-Border Area,UMB10,"Martin County, TX",48317,51,32984,154.6,115.1,203.3,21.7,
Texas,48,Texas Non-Border Area,UMB10,"Mason County, TX",48319,50,24754,202,149.9,266.3,28.6,
Texas,48,Texas Non-Border Area,UMB10,"Matagorda County, TX",48321,255,218748,116.6,102.3,130.9,7.3,
Texas,48,Texas Non-Border Area,UMB10,"Medina County, TX",48325,416,315364,131.9,119.2,144.6,6.5,
Texas,48,Texas Non-Border Area,UMB10,"Menard County, TX",48327,21,12309,170.6,105.6,260.8,37.2,
Texas,48,Texas Non-Border Area,UMB10,"Midland County, TX",48329,919,1044349,88,82.3,93.7,2.9,
Texas,48,Texas Non-Border Area,UMB10,"Milam County, TX",48331,229,151347,151.3,131.7,170.9,10,
Texas,48,Texas Non-Border Area,UMB10,"Mills County, TX",48333,46,28162,163.3,119.6,217.9,24.1,
Texas,48,Texas Non-Border Area,UMB10,"Mitchell County, TX",48335,87,51980,167.4,134.1,206.5,17.9,
Texas,48,Texas Non-Border Area,UMB10,"Montague County, TX",48337,172,122446,140.5,119.5,161.5,10.7,
Texas,48,Texas Non-Border Area,UMB10,"Montgomery County, TX",48339,2446,3863397,63.3,60.8,65.8,1.3,
Texas,48,Texas Non-Border Area,UMB10,"Moore County, TX",48341,144,126383,113.9,95.3,132.5,9.5,
Texas,48,Texas Non-Border Area,UMB10,"Morris County, TX",48343,206,73299,281,242.7,319.4,19.6,
Texas,48,Texas Non-Border Area,UMB10,"Motley County, TX",48345,15,6738,,124.6,367.2,57.5,Unreliable
Texas,48,Texas Non-Border Area,UMB10,"Nacogdoches County, TX",48347,625,390573,160,147.5,172.6,6.4,
Texas,48,Texas Non-Border Area,UMB10,"Navarro County, TX",48349,438,314234,139.4,126.3,152.4,6.7,
Texas,48,Texas Non-Border Area,UMB10,"Newton County, TX",48351,124,77087,160.9,132.5,189.2,14.4,
Texas,48,Texas Non-Border Area,UMB10,"Nolan County, TX",48353,274,87676,312.5,275.5,349.5,18.9,
Texas,48,Texas Non-Border Area,UMB10,"Nueces County, TX",48355,3178,2144749,148.2,143,153.3,2.6,
Texas,48,Texas Non-Border Area,UMB10,"Ochiltree County, TX",48357,68,58473,116.3,90.3,147.4,14.1,
Texas,48,Texas Non-Border Area,UMB10,"Oldham County, TX",48359,17,11630,,85.2,234,35.5,Unreliable
Texas,48,Texas Non-Border Area,UMB10,"Orange County, TX",48361,672,505244,133,122.9,143.1,5.1,
Texas,48,Texas Non-Border Area,UMB10,"Palo Pinto County, TX",48363,352,175056,201.1,180.1,222.1,10.7,
Texas,48,Texas Non-Border Area,UMB10,"Panola County, TX",48365,304,137719,220.7,195.9,245.6,12.7,
Texas,48,Texas Non-Border Area,UMB10,"Parker County, TX",48367,1186,925539,128.1,120.8,135.4,3.7,
Texas,48,Texas Non-Border Area,UMB10,"Parmer County, TX",48369,94,58041,162,130.9,198.2,16.7,
Texas,48,Texas Non-Border Area,UMB10,"Polk County, TX",48373,462,313719,147.3,133.8,160.7,6.9,
Texas,48,Texas Non-Border Area,UMB10,"Potter County, TX",48375,1181,699906,168.7,159.1,178.4,4.9,
Texas,48,Texas Non-Border Area,UMB10,"Rains County, TX",48379,131,75543,173.4,143.7,203.1,15.2,
Texas,48,Texas Non-Border Area,UMB10,"Randall County, TX",48381,955,852132,112.1,105,119.2,3.6,
Texas,48,Texas Non-Border Area,UMB10,"Reagan County, TX",48383,27,20952,128.9,84.9,187.5,24.8,
Texas,48,Texas Non-Border Area,UMB10,"Red River County, TX",48387,128,70968,180.4,149.1,211.6,15.9,
Texas,48,Texas Non-Border Area,UMB10,"Refugio County, TX",48391,70,40911,171.1,133.4,216.2,20.5,
Texas,48,Texas Non-Border Area,UMB10,"Roberts County, TX",48393,,5010,,,,,Suppressed
Texas,48,Texas Non-Border Area,UMB10,"Robertson County, TX",48395,183,102891,177.9,152.1,203.6,13.1,
Texas,48,Texas Non-Border Area,UMB10,"Rockwall County, TX",48397,418,686356,60.9,55.1,66.7,3,
Texas,48,Texas Non-Border Area,UMB10,"Runnels County, TX",48399,135,60569,222.9,185.3,260.5,19.2,
Texas,48,Texas Non-Border Area,UMB10,"Rusk County, TX",48401,519,322335,161,147.2,174.9,7.1,
Texas,48,Texas Non-Border Area,UMB10,"Sabine County, TX",48403,150,61831,242.6,203.8,281.4,19.8,
Texas,48,Texas Non-Border Area,UMB10,"San Augustine County, TX",48405,173,48329,358,304.6,411.3,27.2,
Texas,48,Texas Non-Border Area,UMB10,"San Jacinto County, TX",48407,173,172041,100.6,85.6,115.5,7.6,
Texas,48,Texas Non-Border Area,UMB10,"San Patricio County, TX",48409,661,411005,160.8,148.6,173.1,6.3,
Texas,48,Texas Non-Border Area,UMB10,"San Saba County, TX",48411,82,35644,230.1,183,285.6,25.4,
Texas,48,Texas Non-Border Area,UMB10,"Schleicher County, TX",48413,25,15626,160,103.5,236.2,32,
Texas,48,Texas Non-Border Area,UMB10,"Scurry County, TX",48415,175,99953,175.1,149.1,201,13.2,
Texas,48,Texas Non-Border Area,UMB10,"Shackelford County, TX",48417,31,19445,159.4,108.3,226.3,28.6,
Texas,48,Texas Non-Border Area,UMB10,"Shelby County, TX",48419,300,147733,203.1,180.1,226,11.7,
Texas,48,Texas Non-Border Area,UMB10,"Sherman County, TX",48421,29,17403,166.6,111.6,239.3,30.9,
Texas,48,Texas Non-Border Area,UMB10,"Smith County, TX",48423,1849,1423095,129.9,124,135.9,3,
Texas,48,Texas Non-Border Area,UMB10,"Somervell County, TX",48425,104,56397,184.4,149,219.8,18.1,
Texas,48,Texas Non-Border Area,UMB10,"Stephens County, TX",48429,130,56039,232,192.1,271.9,20.3,
Texas,48,Texas Non-Border Area,UMB10,"Sterling County, TX",48431,11,8112,,67.7,242.6,40.9,Unreliable
Texas,48,Texas Non-Border Area,UMB10,"Stonewall County, TX",48433,28,7677,364.7,242.4,527.1,68.9,
Texas,48,Texas Non-Border Area,UMB10,"Swisher County, TX",48437,85,43043,197.5,157.7,244.2,21.4,
Texas,48,Texas Non-Border Area,UMB10,"Tarrant County, TX",48439,11981,12774812,93.8,92.1,95.5,0.9,
Texas,48,Texas Non-Border Area,UMB10,"Taylor County, TX",48441,1685,850199,198.2,188.7,207.7,4.8,
Texas,48,Texas Non-Border Area,UMB10,"Terry County, TX",48445,110,71675,153.5,124.8,182.2,14.6,
Texas,48,Texas Non-Border Area,UMB10,"Throckmorton County, TX",48447,23,9074,253.5,160.7,380.3,52.9,
Texas,48,Texas Non-Border Area,UMB10,"Titus County, TX",48449,267,192457,138.7,122.1,155.4,8.5,
Texas,48,Texas Non-Border Area,UMB10,"Tom Green County, TX",48451,1023,714759,143.1,134.4,151.9,4.5,
Texas,48,Texas Non-Border Area,UMB10,"Travis County, TX",48453,4035,7789751,51.8,50.2,53.4,0.8,
Texas,48,Texas Non-Border Area,UMB10,"Trinity County, TX",48455,151,86325,174.9,147,202.8,14.2,
Texas,48,Texas Non-Border Area,UMB10,"Tyler County, TX",48457,218,125448,173.8,150.7,196.8,11.8,
Texas,48,Texas Non-Border Area,UMB10,"Upshur County, TX",48459,427,252722,169,152.9,185,8.2,
Texas,48,Texas Non-Border Area,UMB10,"Upton County, TX",48461,38,20477,185.6,131.3,254.7,30.1,
Texas,48,Texas Non-Border Area,UMB10,"Van Zandt County, TX",48467,449,358276,125.3,113.7,136.9,5.9,
Texas,48,Texas Non-Border Area,UMB10,"Victoria County, TX",48469,836,549748,152.1,141.8,162.4,5.3,
Texas,48,Texas Non-Border Area,UMB10,"Walker County, TX",48471,420,455730,92.2,83.3,101,4.5,
Texas,48,Texas Non-Border Area,UMB10,"Waller County, TX",48473,261,351052,74.3,65.3,83.4,4.6,
Texas,48,Texas Non-Border Area,UMB10,"Ward County, TX",48475,136,68939,197.3,164.1,230.4,16.9,
Texas,48,Texas Non-Border Area,UMB10,"Washington County, TX",48477,203,215818,94.1,81.1,107,6.6,
Texas,48,Texas Non-Border Area,UMB10,"Wharton County, TX",48481,270,250144,107.9,95.1,120.8,6.6,
Texas,48,Texas Non-Border Area,UMB10,"Wheeler County, TX",48483,63,29731,211.9,162.8,271.1,26.7,
Texas,48,Texas Non-Border Area,UMB10,"Wichita County, TX",48485,1417,787726,179.9,170.5,189.3,4.8,
Texas,48,Texas Non-Border Area,UMB10,"Wilbarger County, TX",48487,171,75885,225.3,191.6,259.1,17.2,
Texas,48,Texas Non-Border Area,UMB10,"Williamson County, TX",48491,2059,3786760,54.4,52,56.7,1.2,
Texas,48,Texas Non-Border Area,UMB10,"Wilson County, TX",48493,352,311492,113,101.2,124.8,6,
Texas,48,Texas Non-Border Area,UMB10,"Winkler County, TX",48495,80,45752,174.9,138.7,217.6,19.5,
Texas,48,Texas Non-Border Area,UMB10,"Wise County, TX",48497,607,434079,139.8,128.7,151,5.7,
Texas,48,Texas Non-Border Area,UMB10,"Wood County, TX",48499,529,277612,190.6,174.3,206.8,8.3,
Texas,48,Texas Non-Border Area,UMB10,"Yoakum County, TX",48501,80,48532,164.8,130.7,205.2,18.4,
Texas,48,Texas Non-Border Area,UMB10,"Young County, TX",48503,210,108022,194.4,168.1,220.7,13.4,
